event_date,ticker,cross_type,probability,recommendation,entry_price,prudent_tp_price,max_tp_price,downside_return,stop_loss_price,recommended_actual_stop,return_prudent
2026-08-13,EBAY,death_st,91.96,CONSIDER,104.58,100.55,96.51,-7.71,116.03,121.75,3.86
2026-08-13,ILF,death_st,91.07,CONSIDER,33.42,32.31,31.19,-6.66,35.41,36.41,3.33
2026-08-13,DKS,death,82.78,CONSIDER,202.26,193.49,184.72,-8.67,224.84,236.13,4.34
2026-08-13,CME,golden_st,38.66,AVOID,,,,,,,
2026-08-13,HR,death_st,30.35,AVOID,,,,,,,
2026-08-13,BN,golden_st,25.44,AVOID,,,,,,,
2026-08-13,CGGR,golden_st,15.47,AVOID,,,,,,,
2026-08-13,ZBH,golden,0.0,AVOID,,,,,,,
2026-08-13,MMSI,golden,0.0,AVOID,,,,,,,
